id,name
34bbff46-34bf-4818-9e9c-269019af0c8b,Michael Carter
71970c8b-4048-425f-89f6-8232e544be63,Jose Fox
aae9fc43-835e-486f-9f3b-fb1f10fb8656,Troy Lane
c91e2410-0b9b-4e8d-8186-7dea5a7744af,Matthew Stewart
381d9d38-6e08-4897-b7ae-eed369cdc90f,Shirley Stone
e61e1c45-0c34-416e-a136-872fa536f926,Nichole Brown
ea04fe6e-200c-4653-8661-01a7292c848a,John Hall
d34a69e8-18c0-4ffe-a530-c557d518e7c1,Sean Carter
873ffd5a-1c4e-44c2-abfc-5bb7fc1310bd,Renee Gibson
226b17b5-02a6-4184-b9e6-1a40b63fa98b,Patrick Knight
9261fd3d-c534-479c-9178-d0df40924809,Howard Copeland
2d9abaf7-e595-4585-afca-ced260d0b2be,Ann Dennis
1dd880ca-36de-4ef6-8c12-75b672e321f4,Tanya Craig
c63a1dcd-cb47-4e5a-a612-3f1fb1015220,Charles Johnson
9ae4b004-2f0d-404b-8847-0a935b08e254,David Webb
2ff36777-efa7-4737-8631-a17d1e7af16c,Jade Martinez
b224b4c6-bfcc-45cf-ba74-8912d86459c6,Diane Marshall
9ef83201-4779-42f6-9226-ee923629afae,Sarah Hunt PhD
220e9364-eda9-410b-9f85-1ef645869762,Adam Rowe
862176d6-994f-45ae-9d76-4ebff949eede,Alexander Johnson
6eb68fec-0db7-4747-84ba-10811f526543,Kimberly Jackson
3f112f22-bc32-4662-8aba-06e59ed28148,Dr. Matthew Hancock
9b92fe76-981b-47a7-b331-d926c6185c5b,Laura Hernandez
d9ed0140-7773-4cd8-bb32-431e2abf758c,Michael Harris
40591ced-e548-4f9f-aed2-b615b16337dc,Theodore Anderson
de0968d3-05ee-4104-872b-f02aaefa2646,Yvonne Watson
d1896b65-f0b6-4b6e-ac62-ce106946a1ec,Jamie Hughes
569a0cbe-1917-4134-9b37-6866be6ff13d,Harold Jacobson
75863db3-8a0f-432e-aa32-0843a1004d62,William Diaz
172868fd-aa2a-4300-99e4-854f24f724f6,Christopher Brown
19503d62-8ade-4a22-8cb5-ad84f9a589b1,Richard Lee
fc65a46a-0691-45bf-bf23-d3933084998d,Jessica James
c69dadd3-63bc-4c66-8274-7389eb2affb6,Veronica Garcia
557842c8-b5bc-401e-8355-e323d8636879,Jesse Moore
85f1a319-c8b8-40fc-937f-c65cdfe650b1,Blake Matthews
0d96a907-c927-4098-ae4e-9ae1fc9de39b,Amanda Nelson
8e0a7e83-dc77-445a-b670-3ad27453ae64,Christopher Kim
a348a833-7628-416b-957c-22a55c5f4994,Dr. Melissa Russell
1fd4f94e-781a-48b6-ae80-7fe8a6ea2009,Catherine Navarro
b283b919-b296-4b67-8866-a984b08c72e8,Amy Wolf
649461e8-4ce2-4671-b07a-628e30a92fff,Elizabeth Ford
836efabc-68c0-4a07-9185-6543317d4058,Kayla Brown
6279ba6a-f051-4509-a597-b3f96005a531,James Gardner
119423ac-3a93-474a-9cc3-d6f6b1357777,Carol Lee
071b053f-6a89-494a-b4fd-002884022b84,Mark Barnett
05991f5f-079d-45f0-a6d8-d9e14a55d42e,Alexandria Jarvis
2c5f7ba0-e45d-4b2b-9f94-0aa36870bf2c,Mark Smith
caa466b9-49c4-4339-8936-117883413eb6,Michael Garcia
d3750d51-940f-4175-b320-dc8c3415d9ea,Casey Barnes
30e79416-0524-41a9-9d04-cb5cafdb794d,Julia Velazquez
438ebf2d-2d1d-42d1-8da2-6ef25c9cea17,Eric Young
9a273d52-cb0e-4cac-ae15-2f88fc7ddad0,Michael Dean
2b70cce5-9091-448e-8ad5-50f4850f0dbb,Jeremy Hernandez
78f6b8f2-6c33-41b8-8de2-435c48c50301,Kathy Thomas
fd331441-4cd5-411c-8010-a47c39d34011,Susan Castillo
abf72420-7700-4db3-a0f9-2a513e72cc43,Dylan Lopez
ed410888-43cb-4769-bcd8-38ee7f62d5bf,Karina Thompson
fe0c05bf-5a41-46d8-ac96-bcc08b072de0,Pamela Harris
bf3843db-8e9b-40bf-809b-9880ce4485ba,Nicole Jackson
2d05a361-5fc3-496a-9996-aac7da157f10,Ashley Porter
39b1de81-6ffc-4e0f-aaa9-302f05634cbb,Heather Gomez MD
cb7460a9-a4ae-4d29-a956-6d0fa30c9b78,Joshua Henderson
559e2362-64db-4f35-a9d0-0c0424a1ec8a,Sean Manning
7bd524c8-32a9-4d53-9c0b-78b67d8a5a4a,Andrea Moore
46a49790-023f-4469-833c-70e861994a90,Matthew Grant
f799a656-d0bc-4023-9329-5837c66643f5,Allison Oliver
9b5073c4-2d8d-4c4c-95b3-0610dd328b17,Nicole Curtis
ed248781-4cf0-4691-8d53-9fa329e6a052,Lisa Lopez
3218f6a3-1cdd-4cf7-84ab-c161181d238d,Deborah Morgan
de2b016a-1c02-4602-9ca5-82d5ee1741d3,Harry Taylor
0e40e6d2-57c5-4664-b2e0-a63145be75a0,Terry Rice
746cb7c1-5dfb-4ff0-84ae-cb758c1120ef,Jessica Thomas
790ff472-936f-4375-b4a6-464f03c68587,Melissa Lopez
f8a07acc-4431-426f-bb4a-921c4da25ae0,Kyle Mckinney
304672ad-bae6-48bc-a24f-e08f0229aa81,Stacey Miller
3bfe5b7c-a289-4da9-b6dc-4f8cbb4a8548,Maria Moon
e139d6f3-4d8a-4789-b95e-49930cce54d7,Amber White
a643237f-410f-4c3b-b13d-a826f177dd5f,Chad Walsh
386dff27-62e8-45fd-aff7-02d42a86c188,Frederick Wiggins
6ad1cf1b-50ad-4705-b729-fb86140bc3cb,Nancy Austin
02a8cd30-2d92-4a22-95f5-bbc356575542,Mark Jenkins
a19d1099-506d-448b-be77-0df0b76d7ab7,George Cross DDS
fd0a1133-b081-4ae5-a0c8-acb7579f9dcc,Robert Black
f4899035-6eb0-415f-a176-ce17c08e2865,Patrick Thomas
f8beef4d-ebb2-4763-ad29-3e10703aea83,Susan Phillips
ad90ab38-d7f3-40ac-a6a3-2b1dc10f5771,Joseph Boyer
7c60377e-084e-437b-8a14-0e3ccb2de943,Dr. Erin Turner
9b99ee83-4c3a-4b15-89e4-bdf21a0b930e,Chloe Payne
4d0ee252-8912-4af6-9f11-b5ed48f35cb6,Dana Gentry
dae00485-0f6b-42e8-8497-59a6b71b750d,Thomas Houston
6b360924-a1c2-4304-9c6c-d661f3e36638,Christopher Robinson
f8574e83-12be-4a5b-b4ff-a875e1a3bff3,Tina Collins
5ed5a6e4-66b8-470b-86b1-727f0b963cc2,Deborah Jackson
126f6d40-2a12-4c69-9f23-730950ddc7aa,Timothy Young
350a1068-f69a-401c-a3b5-f3a651adc009,Michelle Gaines
e3c3093c-d1bf-4a8c-b367-44daf31b6db3,Ryan Martinez
620d6bf4-7bb4-48a6-990d-45d8dbb47973,Pamela Lane
0e763e74-e20b-4a41-b8c5-3c8bb078cecd,Amy Farmer
9813e93f-9c6d-4ef2-aa7c-aa03d4ed9889,Christopher Hall
d2e8f0ed-2419-434b-9347-8f558b2931dd,Ryan Austin
6b77cae9-0561-4d33-b15a-b4fedcc68a75,Brenda Hall
acc60693-73e3-42d6-81ea-6f133e006099,Michael Williams
b5bedd42-56d3-492d-8293-111b061f46b8,Susan Stephens
4834b592-d03c-40c1-aaf1-96707a84cb68,Mrs. Hannah Figueroa
6e329322-b612-40c3-ad9d-4f967ffb5fe6,Jacob Reeves
eb0e8a65-362e-4416-81df-891fbabf6f06,Russell Mitchell
62c40119-a298-4de8-b006-63d0b812a100,Jeffrey Bailey
b23c75c1-f92f-45b6-a383-c54abd3f0215,Dylan Anderson
307b356d-d323-488b-b126-1d43481e094f,Bonnie Jones
315c6b85-fe19-4d21-8376-eb970946eacc,Cheryl Campos
d3cdee47-b29a-433f-bf1e-336fa3c75be6,Larry Ward
39b67c38-6389-4091-8bc6-175eb7ab5f86,Katherine Odom
1fc23d7d-6c43-4db5-b873-712bb92af0f3,Alexis Cervantes
c96bbdf3-82a0-405f-9904-3c08061eddc1,Dr. Chad Chavez
7818ef5b-7ed3-40a9-82c6-798bbf3ba302,John Simmons II
099a1f6b-b173-4066-8b78-7232d64ca250,Shelby Ray
0b450fbd-0c00-4fa3-875f-02f77baafdfd,Christy Rios
6b0866cd-6b63-4539-be85-1c3b60709912,Ashley Lam
e57d26b0-faa2-4603-9b88-f0142f08d3fe,Christina Roberts
99d97ee9-cd00-4de0-ae23-34505255cef4,Sharon Marshall
a7535ed7-a972-4765-a551-07da3ebe08b6,Tanya Anderson
d14187dd-45af-476c-844d-cac7ad37a651,Steve Blanchard MD
e289d966-03b4-4329-a0f2-d0172da37a64,John Drake
00f74f25-16e7-49cf-ac6b-82df7536f1ca,Mr. Brandon Thomas MD
4e1ab360-1c11-45d9-b21a-a14188acda99,Vanessa Coleman
efb14e61-4c93-44cd-8079-d7f788c5ef49,Danielle Weaver
50638852-cb2e-4beb-8504-4da90f04c56b,Patrick Richards
cc5e5b0a-2db8-41a5-92b0-8ee636c455a1,Erin Lucas
c4d1c6ca-d6ee-4913-897d-76d791d841ea,Justin Barrera
2b951d92-bf77-4897-8440-d81a9ef1e039,Amanda Hodges
b0d8acbb-db70-46d5-b781-c69d80abc692,Christian Schneider
ac961fd4-25c4-49be-8468-cd46ccc26723,Stacy Ibarra
054b2e01-586d-4cda-aefe-731b1c9e2aeb,Rhonda Small
0365b036-d724-40f7-a11d-0919d7b34645,Jacqueline Morris
6a3db844-4696-4a57-a437-77cecb149f5f,Louis Walker
a6ab87a0-d454-4113-8fc8-a80f6f555184,Emily Barnes
1b95c5d1-49c3-4c77-adae-04b305420c45,Sonya Moore
f753eda5-fc64-453a-bf6e-5beae4c7e661,Richard Holloway
a7b7acf7-52c7-4c5d-8f06-63b458a5d8d2,Gerald Hicks
2e52bd9e-b024-4a63-90cc-7211fed51f47,Megan Wyatt
06182a7f-36d6-4728-b4fe-9e8c8834fdd5,Michael Gallegos
9c81053b-8968-47b5-b44c-d8cf36a5860b,Jeremy Shannon
8857930c-a217-4827-b778-0dbae725eeba,Charlene Robinson
de2fa76c-fa18-4652-9429-2a2eb781d076,Stephanie Koch
c744d62f-b634-43ac-87b8-f45e08fb1f3d,Miguel Palmer
21643c94-ad23-40e7-851c-77b6a9aa7367,Sarah Harris
0409fdfd-6106-4edd-adc6-3405b6d20caa,Taylor Thomas
61197521-b987-4bc7-9b2f-49aa4738acfa,Justin Taylor
dd66907f-67d8-4f98-a1cc-3217a46bc738,Seth Frazier
f780952c-4a10-4896-b70a-2cf9223bb3cb,Brittany Reed
dfa2ce7f-3f13-4b5a-92e6-967bada4dadd,Kelly Palmer
1875c5b6-516e-4ad6-a9ef-3d5e15aecbd7,Calvin Mccullough
b4d7c545-2e51-4d8e-bb07-5fdfcc35a19e,Ashley Franco
fde58237-b1db-4e0b-a776-ab65ce31676e,Leah Estrada
b289c7b5-2f4b-48b5-8296-df3b5d5e767a,Erik Mason
7e9bd8f7-9585-498f-8c46-e36fd8c14d26,Joseph Adkins
f3e54291-0ca1-4065-a26e-565bd217474d,Joseph Fletcher
6b471607-47a1-431f-8d79-e28d9dbadf0f,Michael Baker Jr.
0c1c3034-2a7d-45bf-8dfd-14daac400237,Jonathan Arroyo
40f81021-2eb4-4e28-a4a4-3564950422e6,Victoria Edwards
1a8e52ba-4aab-406f-86a8-fd5367161b4d,Robert Campbell
7ac4a0eb-60cb-433a-aa0e-59536ac4c954,Angela Smith
777574bb-5f41-41f7-9804-7a7eab682ede,Zachary Holland MD
db1211d8-920e-4896-8e58-bd2e3bc3881d,Stephanie Adams MD
5aade8f7-cf49-4972-b1e3-6850a75d6440,Patricia Dickerson
f11ff8a2-879e-45a5-9ae2-657b01478735,Allen Nolan
4aa1d25f-0b4d-4941-b684-4999adf0e6a2,Joseph Griffin
3b3897ab-1ddd-40b6-9ad7-929e31ad83fd,James Stuart
b198f535-6b36-4832-a23a-dbabfa543c46,Rebecca Smith
32626cfe-dbdb-4336-9fd2-95eb4de7f4c1,Patrick Walls
0eb76685-cf31-4f86-8d27-5d403dbcfdf1,Brandy Mcdonald
5003db19-eb0c-45e6-a644-82052cd67785,Maria Cook
ef491252-d9b4-4a69-825e-a3e4bdce35ea,Robert Lane
49c2c2cc-ee67-469e-9aaf-da1601dba054,Rodney Berry
2d3f4fa7-a83d-4b30-b64a-458b75ffb8d4,Robin Vargas
6cbd58bc-b014-4937-bb01-be1636af2dbc,Marc West
0f0a4bcc-f8ea-401f-8f40-bd4fe2623026,Sandra Dixon
3a009062-1dde-40ce-acda-7bd9ad3bd2e0,Roy Young
b67cabf3-18ed-4085-979b-b12ecfa1be9b,Daniel Small
b532fdb8-e529-4b95-be08-487c25fd73fd,Melanie Pena
5a360017-5821-4305-ac0f-7906f6ed44ea,Amanda Martin
270d85ac-55b0-4d86-bfc8-bc3df76adaf6,Kaitlyn Allen
fdee360a-f0fd-4202-996d-67a5572d046c,Lori Butler
6176a892-2afc-4f53-9dab-40ed28cfb815,Joy Peterson
655c8a06-0f3f-4b52-bd8d-5e031decd5e8,Cody Gonzalez
3bf30e35-f0c7-41fe-8b48-9b625a8441d4,Barbara Ward
7d1f2239-7420-43a0-b6c9-656d2164c773,Michelle Anderson
f3130f91-4c26-4f78-8e11-525a98487941,Garrett Black
cd19628a-31ce-48a7-ac83-66eac3a30104,Jeanette Johnson
81ce4280-0f9a-4f1d-82d3-3360f5b7096b,Christopher Cooper
a08d0bc4-c4bd-45b0-9060-eab2375981c0,Elizabeth Shea
b17bf2cf-9dd9-4974-a5b1-6d2f621bac95,Joshua Turner
cc3bb8ec-a5d8-4e06-8da0-e943e63bdcc9,Rachel Graham
ce35ba94-2483-4b40-b108-3389bfe942f4,Sean Jackson
deccedcb-bafa-4f0e-b536-61c464b77633,Emma Mitchell
7bb07d7f-2e0a-4b45-8a45-349eaaeb6184,Kristi Keller
dd87003b-5f2f-450d-9f45-dd4ed7abdcc9,Elizabeth Chapman
9815aa1b-09ca-4825-b117-4578d47e766e,Joshua Mann
1a192e48-9716-43e3-9cf4-6095d64407a4,Kelly Bennett
8165a3c3-2344-4428-ab5c-c9d37c1490c7,Brian Davenport
eb9019e9-3c27-49fe-a7fe-8a7990e1f215,Adam Carpenter
e0fe081c-177d-4eb9-81e9-09a98b40b4ad,Micheal Ross
cb69a02e-0178-4807-b459-405142298897,Tyrone Ryan
7bcfd4e8-8036-4a04-867a-feed907053c5,Susan Bennett
1ec3809b-374b-4aff-9141-c1375e140f55,Stephen Miller
bbafaac0-36ee-47a8-8f33-59a57fa80c2d,Michael Conner
531f89a4-4c7a-4dfe-ac41-ba83c8b2f564,Rhonda Gomez
9101cdec-ea1c-4946-90f9-f54fdb62654f,Jody Valencia
b8a43b1b-5a06-4b0d-8fbd-df5ebf465fc9,Karen Sanchez
3d532134-e5a6-43d2-839a-ef7883a623b9,Mr. Jeremy Cameron
51cb5fe1-0fb2-4ca7-9491-935bec833141,Ashley Johnson
423df7be-28ed-46df-9b19-a410fa60ee8c,Danielle Gray
b51399b7-ed64-4180-90a2-44e3e2a92194,Destiny Tran
87595c2d-486a-4a05-9b6f-cd3ff0736bb3,Christopher Hart
713932a5-16a9-4c94-b808-3b02f53047e0,Michelle Roberts
19962c3a-c6d0-4705-8a7a-e421c46427b6,Cameron Martin
b669e701-2015-4bf9-81b6-71aa5441cb86,Brian Clark
99129d5c-f8a6-4e46-bdf8-15b8583da126,Stephanie Carter
969593c4-ae3a-4e3b-971d-ae26d59ffbd4,Melissa Harris
600bb964-99e1-440c-95b5-a9720cfc2e07,Victor Hall
fd628367-776b-4929-9e09-b169b18017a2,Tamara Hinton
ef5931fe-eb22-4c71-911f-4c3a271d16ac,Timothy Gutierrez
ffa50a2d-7f19-45cc-a930-99fcb38f88b8,Scott Thompson
bc35151b-bfb4-4737-b425-5e3dcb9e7996,Brandy Schaefer
df4cc951-0cb6-4c54-8d35-ff9262fd6d1e,Richard Martinez
26e7155a-d36e-48a4-b79b-e1d113019d27,John Fischer
f2e1cb3d-6a7a-4c6f-9d28-59b04da35167,Connor Hernandez
45402539-fa05-49ff-a9e6-ced7e0960cf0,William Joyce
a5f7983f-d4bb-440b-967d-85643eb7565b,John Lowe
47d594f5-82e3-4ff4-92d9-b7883386d589,Jodi Mitchell
d2070a96-144a-45ae-8fec-7197daa66be1,Michael French
4604173b-68a4-43a8-974a-706146fc4c77,Christian Mathis
decdf367-fbb0-43d5-9ef7-98eb4e1e5fb0,Julie Robinson
b3e408c1-b77c-45a1-bc49-26a3c9723ca2,Scott Harrison
12f65407-b6c2-4727-a714-06311181a0c3,William Valenzuela
e1853cd0-4ae1-404f-a6c0-c210c218d827,Benjamin Brooks
9d600d83-ab12-427e-8d3d-356286587aba,Eric Adams
91b45551-b9ab-418d-a542-b33de7bcda0c,Lisa Martinez
f95283d7-e8f2-43e3-9c58-9d92b1c85607,Dana Mcdowell
a3fb5723-f6bc-46fe-b8c6-425c8d1f7d72,Mr. Clayton Kramer
18b4155b-7057-400d-ac5a-3408808819ab,Scott Perkins
18fc1e41-96b1-4c96-a045-92dc099fe754,Ashley Roberts
80e8e6a8-340c-4885-9b0b-f7c16c1f646c,Anna Hunter
6f63286b-5e9e-47aa-820b-0659a16ea1f0,Ryan Hart
77168d64-c223-418d-a09b-3a6d3b784d32,Bradley Shannon
d3716e70-21c8-476b-be1e-6a4bcc2099a3,Casey Miller
3f05fbe7-38a7-451a-a962-0404f3c4e792,Teresa Evans
704bab6c-8bcb-4e20-9fea-1730f7e1c304,Steven Williams
2076e634-7049-470e-baaa-b5fb520310a8,Mary Gillespie
4285e0ea-f451-4e60-a37a-c3226b2dfe17,Stephanie Anderson
f0470bb9-a615-4915-b361-a6fff7da56bd,Jessica Valdez
8ad7ab84-1cc4-4e7f-af8b-f5f7122cc82d,Sean Koch
60ad8a10-0fa1-4200-9f79-e26aabff0fd4,Heidi Randall
7c33492b-5f4d-4eee-b594-c4e202a1bac1,Kevin Jenkins
5cc4be76-8e75-455e-8376-3c064af99e9f,Jasmine Murray
8e838516-4741-40e4-bc79-dad9d26f4dd3,Katelyn Thornton
94a37757-d3a6-432d-b2fe-9bb5fb4e774c,Mrs. Shelly White MD
084a235d-68a2-449f-93f6-9356fe1771ee,Alicia Huerta
3bce83a6-a4bf-41f5-a61d-d921048b51c9,Amy Taylor
33a45257-a85d-4ae8-825b-6e2f5d0c6eb3,Christina Howard
97b5d3d6-970c-48ec-bcff-bdfa428d9c3f,Bradley Monroe
86e811fb-94ea-4844-8d72-a1e44057463e,Julie Fuentes
f35b0aaa-aa0a-4439-882e-80f62a22db10,Scott Reyes
b0a68196-e775-4bda-828a-c52afb1775ef,Shane Yates
8e96d6c2-8da7-4a2f-8450-c1ad651aef03,Mary Deleon
8ee81cd7-c241-40cc-bed9-3bb87b13dc2e,Dustin Macias
00531987-941d-47f5-8f0e-8901a0551ad7,Leslie Cruz
188e4d4d-5aff-40cd-a16d-f7f2067268b6,Anthony Wells
1cc032a9-9760-483c-94d4-2558acc18f3e,Michelle Sheppard
f1748293-49bc-4bd8-9dc7-a89dee59747c,Christina Ramirez
e9f79034-b8ab-4902-b647-df6a7baa4b59,Leonard Jackson
b217ae36-7fb9-4001-a977-1a1abd0264e9,Kenneth Hudson DDS
9f17e08c-8da3-4706-a7ec-9a8512f6b7bb,Maria Rodriguez
b30bdefb-a0ab-42b2-bed3-a924eddf1a6e,John Larson
14623c1a-f518-4ffb-8a98-54be6710169e,Charles Oneill
8de47d67-92be-4525-89cb-f4dc3018b4a3,Melissa Sanders
3c826cdc-0809-4773-a00d-f5a0a86b4dc8,Alex Rosales
5b4463fc-aa13-4861-89b2-6166db664183,Debra Hall
5caa13d3-6ebc-4bcd-b5f4-e8f62650077c,Megan Forbes
4ae31cb5-3c92-4c6c-a0ad-5e9c5b589488,John Bennett
6e0f82fd-434c-4094-99b8-d7f45ca655fe,Sandra Norman MD
57956661-3f23-4730-bd6a-f259023fdf9a,Leslie Hicks
da092d80-11a9-467c-a76f-d6a7ed5aeffa,Angela Moyer
e2dbb8c2-d87b-4edb-bcfe-b27a8ee5afc0,Joshua Gallagher
d6c4bed2-2aef-47f6-836a-4a0b79ec03b3,Jessica Richard
29ea18a1-dff6-47e7-877b-d8cecc207977,Paige Lawson
68d20759-dc79-4913-ba1c-2bb872929d0a,Robert Lang
4a7b4dc7-93e1-4f7a-b843-27561719b41e,Alex Taylor
0d4b39be-8383-4ae5-b1cc-35510962857d,Maria Cherry
4a85d756-138a-4565-9007-acad3d81fcc5,John Brewer
03c9e7fa-f432-4e5e-aeec-f2957bda3fd4,Christine Gonzales
d019dbe9-ea7a-4f25-b0d4-fb38a047b626,Emily Brown
e17f0d7a-a2b4-4ead-a4d5-7ce0c8d06632,Donna Garcia
96b0105a-8794-463f-8926-3a3f240e643c,Brandon Roy
2e6775e2-a646-4cd6-92d5-00e6813656c7,Misty Lee
07a3f8cd-0e46-418c-8baf-cb2296a38a41,Carlos Bass Jr.
eee89527-43c6-4ab4-b196-52dc563a3461,Danny Walker
1f8343d5-500a-4cc0-bc85-03c100792b31,Kenneth Nelson
1400bd8e-7852-48df-aab9-6e418553dfc8,Michael Meza
47086d4e-8dc6-48ce-be60-f9a3dca81bd9,Michael Steele
985c23b7-19e6-418b-a252-8566ab26563b,Mary Owens
c67a741b-53fa-49ac-8b5e-4c53f5432249,Victor Ramos
7209356e-8008-4d1b-ba7e-fbfd4bea60f6,Kathleen Rivera
5489fba0-ef53-4f35-b850-dd949816c301,Sarah Thomas
7d8298ee-db22-43b8-a488-f528a3bae719,Taylor Blackburn
582b8fff-51f5-4580-92e9-9198a4f620cb,Anthony Murillo
cdf58b18-483f-4b40-a35c-e7c3f0180d60,Mr. Brent Ward
483450bd-5050-4b6a-9d05-fa803f880969,Michael Cobb
104ee02f-62ec-4178-8278-7cf05f9b492f,Kathy Harris
8e7c7798-4ffc-4ea5-a45d-ba09d39b6324,Michelle Wiggins
19e89c19-61a7-4f62-926f-943c5570cdc6,Denise Anderson
413f6004-9fa5-49bc-85df-bb4a062bf04b,Kelly Holmes
7ebc74ee-30e7-4e91-b20a-9b360a8c7522,Joshua Wells
99821145-e058-41d1-ab89-ff45a68a16f6,Kathy Haney MD
fabce732-5af5-4b92-9699-958108bccd26,Mrs. Megan Scott
e00c08ce-0f73-49c6-b8d1-a99699bc302c,Samuel Stout
4aa8b751-1f07-4ae5-bc90-0c73812885ca,Emily Shelton
ac4cbef4-4456-44d8-8c68-fdf504b68232,Daniel Mendoza
8baf0605-0ea4-4616-8454-5e8cddd28b4d,Aaron Wilson
82dcb84c-41b5-4c34-b515-c3e03b9ea749,Christopher Villa
4e5b6a2e-3c87-43cb-9a65-1107587c2896,Nicholas Benson
45e9a98e-38e9-4758-9b81-2e71e257d7b1,Luis Francis
18f84937-1404-4606-9a7a-82376a5591f3,Christina Gonzalez
7e723fb8-cc6d-4d90-bdbf-877d10402494,Andre Sanders
df584a5c-243f-4339-b59b-6447a1dc0933,Peter Ross
6f068a4e-d330-4fcd-9a08-ab032db42488,Samantha Kemp
bbeff0a4-0518-4b96-9b58-8a469348accb,Ryan Carpenter
14af6ac2-e754-4246-ba44-289f7e653000,Erin Rodriguez
c9dae7e8-dc7f-4776-a229-87b2879658d4,Katelyn Alexander
1f85e592-0d06-4b46-be73-61ed99653dbe,Robert Phelps
f76e393f-d38f-4ff8-afba-03e9751e834c,Gregory Garza
260265fd-d12b-432b-a9ae-b90a0bdeeeca,Michael Figueroa
b40bc45f-38ef-4b80-89d1-0dbc6e1ef3e4,Martin Barnes
ea70d63d-4048-4c44-9e66-2079f25bc154,Sydney Wise
e6c57ebe-07a1-425b-b74c-38c49f562aaf,Billy Hughes
461d2ecb-9ffc-419b-b053-7114119306fc,Amber Lopez
92ac7147-1126-4cc9-b653-5380a9ae5681,Misty Reed
2b1dd2dd-c598-4bf6-8eb4-2ea6c968bff1,Ashley Santiago
d55313a4-ae00-4441-aacb-e0c98284e600,Miranda Dixon
cf37a52f-5bbb-4bfa-8811-734109bc2091,John Lowe
4327d2ae-d6c2-47dc-ac40-657ac7facc1d,Kerry Tanner
8c421720-8960-433b-83f0-1f49bb288fdb,Rachel Watson
d1683b72-7e26-4387-80bc-1fa8c351c13a,Teresa Lambert
218db61b-b690-49bf-b3f5-1e98b0dea2e2,Christopher Barnes
6a6f2376-3158-4cf3-a09b-fba20aa7246b,Michele Mayer
3d0a13e4-c3b4-4fe1-b4c5-1eafe5e401a1,Angela Hebert
76799615-3bd1-4033-b5db-ab16a6d6a398,Bruce Cole
38ba4a29-002d-4c1f-a172-c193bb1b337b,Michael Ball
61848c78-7497-41a2-80b3-f1d7cd70ada4,Jennifer Manning
6b0c49ce-ccfd-4d81-9d21-e9514ec60e49,Kelli Nash
5337ae7c-fc4f-4687-8e86-d9431af334a1,Charles Hernandez
52f617d7-d65f-490f-b595-b3520164bd2b,Sarah Yang
ae2f3075-0e13-432d-afc2-d7db393d1c7b,Tamara Odonnell
4e6a1e52-6cda-4a08-86f3-153e05224657,Peter Green
eb1e7302-6c92-410c-89d0-d128b7be5800,Samantha Coleman
c2351137-d129-4094-9352-b7dbff62d760,Melanie Riggs
3cf04218-e619-4382-9c7e-e8986ad7aa4d,Lindsey Salazar
7ce5ce99-d839-4f39-8b14-97cc487731e7,Miguel Evans
e58549d1-d8d0-4346-b20b-04a44236de9a,Christopher Pope
638d0359-5531-4e5c-9fe9-18d296fcf8a2,Dana Moore
90fa794f-7bfe-48d2-854c-d2bfa367b68c,Benjamin Salinas
94d329b3-b2ce-4398-8552-93646861c0ba,Benjamin Davis
8ed0aadb-f33a-4347-8ebe-6d3853bfc912,Casey Miller
013f08a3-e02b-4dd0-b5df-58dcfbecdbe6,Daniel Smith
16e6912e-62f6-47c0-ada9-d4c8662d59b8,Justin Farmer
30af3ada-0a2e-4f9a-b44f-dac38a76cbac,Whitney Collier MD
2206b349-35d8-446d-8836-cec5280ffa6c,Michael Lyons
3794aba0-9ef2-4547-8f46-160a483a76a5,Linda Johnson
f98d7029-9034-4ea3-9074-f50354d27cac,Crystal Porter
2e16c2d3-7a9a-4861-bbfe-11b5ebefa156,Mary Alvarado
9635b957-6221-40fb-8e1e-ecb0f3ee79b6,Emily Dunlap
11f8780d-13eb-46c2-8ed8-11a1474d3a33,William Smith
20e2c1a9-6320-4baf-958f-79dd7b74ae6e,Samantha Humphrey
9d0832b4-8e33-40b0-a1e9-8369e34f9272,Don Valencia
077bacd8-923c-4a5c-be45-27063ee9fb3c,Jennifer Porter
fbb51850-3df5-4cd7-af19-bd7ebb13511d,Brandon King DDS
dc899536-1761-4003-99f0-e3ee0501eeff,Erika Roy
195f83c6-8bbc-47d3-9127-a316b3f0e2c3,Stacy Ferguson
00e8a422-35a4-45aa-a858-f8f7a4eea0e8,Carl Dorsey
3b6414cf-93cc-4549-8fcb-8259b64f3362,Jessica Heath
d4ee614c-084d-42bf-a004-acfa3dc194c2,Joshua Buckley
9e2a776d-aabe-4c8e-93c4-760ac04ae17c,Kimberly Johnson
9653688c-8c00-4351-b711-af7402c019ba,Andrea Rice
20f03df7-8fad-49b2-8d15-41266ad4e8f2,Rhonda Ward
2ab8ae80-b9b0-4693-a8d6-d2efa25620ef,David Baxter
b8705e4e-313d-43d4-b564-3483bfaa7c78,Megan Fischer
b905da95-098f-4d96-a803-867984369298,Victoria Wood
52075fa1-c155-4cc7-b1b5-ca9341979e28,Kristina Garcia
4fd3e5b9-7edd-42bc-9af8-6e860cdc1e4d,Carolyn Bishop
ba366103-cecb-4fc2-81ea-e5a09997366b,Samantha Anthony
6221f325-1b70-413c-adfd-42253a524cc7,Nicole Morgan
5f567817-d2fe-4789-aae1-c18ea5c9f98e,Amber Rush
9e4e148c-1b9a-4280-bbe4-623319d26054,Michelle Williams
cf8e7099-26a8-4b68-8991-3f309e1330fa,Steven Carter
371505b9-ffdd-47c4-9212-8a7060f17241,David Schroeder
2e85547a-2f92-4b4d-bab2-a362197d28a8,Taylor Smith
21a45bc1-710a-496a-8389-cb9bec688991,Richard Lawrence
82791e98-1cd1-42e1-a75a-0bac8a74bad5,Gregory Dennis
eb5306f5-e8b1-42f7-b6b3-b4bd0d0b5375,Joshua Harris
a3057c88-27d6-4bd0-b10b-74f447b5ff83,Mary Martin
4b3aabc0-91b7-42ca-9c8e-2e13d44afffe,Christopher Wilson
bdfa658c-3bbf-41d7-8b74-b39df9fe7297,Michael Flores
7bb2fe22-c895-460a-8f7b-d9a2444bc154,Faith Duncan
8d0b61c5-c59f-4750-aec7-24fff01c8eb6,Patrick White
107c1f20-236a-4b8c-964f-0499157dfbbf,Stephanie Brown
5ae69c8a-dece-415a-a778-1cb9f8a13430,Devin Cabrera
3d6b40a0-9101-49e4-8810-9e0424c53a8e,David Nguyen
0a6e6a4a-a90d-4257-8ae3-106e85f3e904,Elizabeth Walker
c279a08b-1561-4fc7-981d-cda4dd6c8983,Shawn Burnett
dbea5539-5ea8-4cb3-8b7c-497eeadbce6e,Tammy Green
9094b66c-179c-49e3-9c44-c7177338e744,Stacy Lyons
c4af33c1-0edc-443c-adb2-faff9c449b8d,Teresa Moreno
45f9948e-3a4a-4505-924b-f06bfe61d20b,Todd Bautista
c5af9fc6-df69-4f9f-bf4b-641d819bb13a,Kyle Logan
082d4c9b-260e-48fe-a83a-494885ca2c42,John Barton
99475089-5587-48d0-9227-9170fad58af9,David Garza
9f43845b-fa6e-494a-a580-5f6d80baacc5,Natalie Hunter
0d6a7d49-5ee0-4d2f-9f3e-4c18f601b224,Kim Gallegos
a972933a-d9a5-4667-8d5c-066df55daa02,Brittany Hernandez
3ff776b4-b0e8-41c8-ab89-d053ee97d3f5,Jennifer Miller
1c206624-080d-42c8-9b77-a5fd651b07eb,Samantha Mills
4d5a6569-7eb4-44d4-bd4d-44bff9eeb315,Natasha Montoya
f0f08d0f-caf0-4949-a224-8c43741a04e4,Paula Craig
58ee33c0-7552-4cf2-9a06-15515d9e44a6,Jean Rosales
d231d202-5246-48d9-b4f2-c799ada0032f,Melissa Vasquez
5d0beec7-0786-4b5a-9e79-e6db6d242d70,Jack Huynh
cff4cfcc-f425-4d9f-b3e3-74c9249e3435,Kimberly Johnson
0e98f017-df5c-4ccd-870f-577c6c07794b,Jason Krueger
0facf78c-9e23-4638-8ef2-ed1128e12f30,Audrey Marshall
7498e49c-3da7-46b3-bd77-1bfc8709a5f2,David Hammond
7c11981b-8c3a-45ec-a9f2-16dcb0486d6e,Kathleen Hudson
21aec8af-1493-4bc4-bf0a-1736c4400b9a,Ryan Cain
cbab1746-c9eb-49ef-9cce-e8840c8fc74d,Daniel Stevenson
60ee89c9-5dc1-4918-9d28-11b24549eea9,Jill Smith
68120234-7c09-4048-9f40-66148a145c5c,Christopher Smith
9f48731f-0b61-4735-afc9-b6db862ba273,Cheryl Robinson
1ec9bc5d-a27f-424c-bfbd-4d6b3000374b,Colleen Johnson
bc2aeb28-fc2a-40bc-b730-9e476d3599c6,Christine Wilkerson
2209fb0a-615c-4a7b-859b-299d8eebfc4d,Elizabeth Arnold
f815570f-f7b8-4644-a28a-1ed756c9416f,Tyler Hicks
af62ff1f-12d6-4189-9741-3fd0c1b1eba1,Wanda Diaz
9b4ebb23-746f-4a22-b431-e0cb2eb32f0a,Alan Cruz
4046ed35-8434-4ab3-91cc-ce721a921127,David Thompson
666e2cdc-b31f-48b5-92f6-7c8336eb829e,Maria Shea
bfcd633b-cb45-4912-88bd-f488f398dd0e,Traci Hicks
469da093-19cb-4a4c-92ef-7fdaa8f6188c,Cynthia Gonzalez
3d1f6346-d2d5-4dfa-8ecc-b5846e352252,Alison Benitez
7988d2c1-27e2-4485-b6f7-383683998c47,Sara Spence
0477807f-b3e6-4a05-beb9-285a1bb6b1e7,Cindy Matthews
b0eb66c8-8bbb-4302-bb46-ca04d1e1c413,Brandy Dennis
ef637abe-7479-498c-975d-9ebf380f7c68,Brent Shelton
a8b958ed-a086-4ca9-8431-ad8de9fbf47c,John Jones
803c31b5-6489-4c5e-b93b-7a5e14ecbac0,Mrs. Karen Martin
9b81a6c8-7d00-491c-b141-2b940cf44425,Miranda Myers
4a3f75c1-590c-4190-a01a-8f8709ed9ef0,Connor Jones
bb31283a-c911-4105-b427-5d503a289611,Julie Johnson
c9fb616c-9268-44ac-bf99-7d30d8349aa6,Joseph Shah
4bd1a80e-0796-4665-b56d-5c386da36a6b,Elizabeth Blanchard
ff1df22e-fdc6-4298-a047-f68edd0523be,Jeffrey White
539d1c5d-7067-421f-83e3-3789eed8647b,Matthew Harper
dc78c889-3346-4e88-8f64-20348b639957,Tony Murphy
276dba90-1184-4bd3-b29a-4153b3656eab,Joseph Robertson
bba9793d-5ba6-4048-ad5a-e5e497d2f586,Jean Adams
775b2324-0e14-4788-87c7-f23c97836150,Wyatt Hickman
7292a958-b290-49a4-8b7c-1c9de75a2480,Shannon Yoder
0176ca74-5150-4738-8840-6f72709dcce6,Jonathon Williams
a4399abb-0328-49a1-a402-ea721ff1a3d0,Charles Howell
daee2e27-ca7a-4350-aef7-8fab976ecbe0,Benjamin Adkins
82d1a581-2b84-440f-813f-5b7aa20fe424,Caroline Miller
1b76e601-bd0a-421e-ba54-993be1751f8d,Rodney Brandt
f7c51c05-637e-488f-b098-a8680d8fde39,Autumn Lee
747d8acc-3832-478d-a86a-100021581c7a,Steven Wood
d9fbc72c-4caf-4a46-942a-37548e423f53,Michael Miller
faed4b9c-e819-4e6f-83f2-e71c78f5a006,Teresa Williams
2aa2b817-b79b-4116-abdd-09bdee1cba0f,Matthew Green
c732d586-005b-4864-aeee-4c7a7be23512,Daniel Burton
dfec87fe-5062-4b30-b057-b819a48ce4cb,Robert Underwood
a811e278-5349-47b5-ba00-6df2cdf9cca3,Kimberly Gregory
ff5f914c-a075-481b-a6e6-b488de704164,Gregory Rodgers
8f09c2cf-1a5a-4bb8-aeb8-f196fa708094,Janet Stein
4180363b-44f0-4723-800f-f6eeb1095521,Misty Robinson
1b7eb77f-3b24-4c34-89e5-d2cdbbb482fd,Kevin Mcguire
872266f9-583c-430c-b96e-47da49de58c1,Hannah Ross
dd502683-aa0e-494d-bf84-0c4918bcf4f5,Michael Hernandez
a006fded-6351-4b03-9738-b4db50d8da3d,James Jones
08d8b211-9da0-4c3a-9c06-17689dc0e9f3,Justin West
de6d3d8a-85fa-4608-a010-f8470aaaa2d4,Ashley Davis
e6c26c0d-d901-4889-ac9b-97968133a369,Allison Young
21937b46-47d0-486b-8382-e2622cfb4e3a,Nicholas Mason
c9012419-0914-426b-a103-0d553285bee3,Eddie Glass
e06017fc-7909-48ce-9d11-4f6df3f5f892,Susan Taylor
37896b70-913c-4925-95cb-5a7a9e38578e,Michael Macdonald
5ac29263-5d47-4d3f-b515-48087dbb4d69,Ashley Smith
73235094-f1ea-457f-a782-60ec83f5ee7c,Jeremy Cook
3aa8ae98-a7fd-4453-a60b-f130cc7072ed,Thomas Peterson
575c73e8-554c-4156-bdca-1f05b592ec90,Cody Vasquez
600277de-f6f7-4159-a66e-85adc6c85005,Alyssa Cruz
a05464bc-475d-4f29-881c-6dc7c19fac1c,Mr. Jonathan Taylor
af3fc8c9-2595-4e5f-8d0a-33543cacf50d,Kimberly Barnes
8f1993fe-6101-430a-ae24-90dec1cd6d9c,Kenneth Johnson
77861906-42d6-4046-bce8-94e8837854e3,Amber Coleman
22aa2965-7cdf-43bd-b886-2c372a17e0af,Erika Mccarthy
45f49f7e-dcc2-4663-b9ce-587a977cbfc4,Nicholas Cohen
98fcf87e-2297-4bee-affa-2239449c7fe7,Joshua Garcia
65b125ae-21ea-4f4d-a680-7f31ed59e1db,Holly Harvey
36cce58d-883a-4c82-9e34-26398938fb3b,Kimberly Mccann
9a288c49-da5a-4b07-afc8-c3a337f2bff3,James Brennan
8002cdcc-4dfc-4377-a257-6857b49bfd27,Lisa Huber
61c7c316-3157-4ac7-a4a7-3d62a9afd44b,Jared White
fa430914-7a36-47be-b089-b6f721305bac,Alicia Holder
8dafd939-863b-4365-8fb5-29669a185173,Ashley Washington MD
3fd97e48-9ee5-44b1-b3d0-c35574246352,Robert Kim
9ee60fc6-2820-46e9-87d6-0dd2c835f3a8,Brian Lopez
dcddbd63-5cec-456f-924a-02263dd8f932,Mary Ryan
8051a739-d8e9-4826-a72c-227c923377c4,Steven Escobar
7f3f76b3-b187-419e-afb7-501b4ce23de0,Melinda Torres
597f5397-fbf5-456f-88ec-140e1a6b828b,Cheryl Atkinson
80764bcd-6cd8-4ed8-ae84-5c83fb736d1c,Marvin Kramer
efcb58fe-d7c5-43d3-88a4-2713d01fa4aa,Karen Bennett
9b09af7c-0931-409a-903c-a50ba0e3288c,Robert Patel
e2a81a8f-f865-4f52-bc07-8988f6dc4261,Amanda Wolfe
df6b9718-4095-4b16-8dba-5d059d82cfbc,Sabrina Downs
e65d64ff-96cf-438d-baca-49b051fe4782,Crystal Thompson
edebc52e-aa6d-40ce-856c-dc4a03b8a02b,Sandra Farrell
5c9a3c0e-6c10-4899-98b6-7f081a057eb0,Jeffrey Browning
a6694321-7018-464d-9428-cba4cd8c79cd,Daniel Little
96b2f838-18df-489e-899f-182f80213455,Bradley Gonzalez
4b411635-b436-452e-89e2-b41e83f35644,Robert Riley
d942de89-d9cd-4c24-89e8-c6804ef802a3,James Anderson
6d3f688e-c5b3-4a29-bc7e-da5a40597231,Robert Oliver
eccf9787-069e-426c-be94-260e3625be28,Thomas Valencia
76449a32-01b2-49e5-b695-97114e73b47d,Mark Lucas
76cb6595-fb72-4837-9cb0-561f323eab4b,Stephen Sloan
5cf072e7-4970-48db-943d-7acd7d890ef2,Nathan Webb
55befc7c-8fec-4a3e-8881-6ab9cf378e2f,Abigail Lindsey
21cc2591-5ef4-4833-9e4d-4df0cb8066d9,Kimberly Kaiser
8b77b784-6093-48b6-86e4-8fe758b15faa,William Lopez
1bd00654-f37a-45a2-bb10-c07d21f88fb0,Mary Nicholson
e3128dc6-5850-4c74-b818-e670e18a1734,Victor Reese
31bb453c-9d13-47e4-9b33-3d8215856ce5,Tracy Powell
1b708423-cab5-41ef-93bb-69c2eef10228,Tracy Santos
826d3c21-9147-4f55-913f-2286bb765bda,Jessica Griffin
689c71f7-0f14-407c-b766-4dc3721ae296,Laurie Ortega
3dce1086-c777-4169-99d1-580db43753ce,Michael Vaughan
60d093cf-e4be-4176-9f12-2247d612e17c,Joanna Jacobs
6af7bd67-b453-4a1d-bb12-98dd4ed0e92b,William Sampson
1bafa45f-18c2-4526-b714-0cedb0851752,Miss Carol Garcia DDS
3b6fc562-b7e6-4841-a802-4679182094c5,Mr. Roger Johnson
7c498426-5462-4003-9109-c5bfc3148fdf,Sandra Crawford
929cc191-db8c-470a-a2f4-b734bf2744e7,Susan Hernandez
1db37733-668b-49ce-9431-cabd31144f92,Angela Roberson
3bfac94b-1ee1-445a-a45b-ad2c482c251f,John Chavez
994d4538-17c9-456b-8c42-6aac032c31f8,Pamela Davis
d2759d2c-8657-43f4-86c8-2c3a231fcd46,John Nguyen
9971438a-58d1-429f-b1a4-d31d3c75eaa0,William Wallace II
cf40bb3e-d421-49be-932a-1b940314b15e,Donald Robertson
0633575c-6ccf-487b-b9c2-0961ebf270da,Valerie Parsons
6cef165f-9a56-43a9-96ec-74447987a5a5,William Hodge
74e84500-a639-4a76-8ab0-a50ef6dcd25b,Kathleen Flores
867f9fbf-3624-41c9-b334-195926616c7c,Benjamin Jackson
9b0917d2-f95a-444b-97bf-0ac53489db68,Brett Santiago
48675c6f-e51e-4a51-9da7-51fc32671f00,Sonia Barnes
b96acbf4-0d18-42de-8c99-628443df30ac,Courtney Roberson
c4399cf0-2556-4d66-afd4-0076ffba7192,Kevin Tucker
051e42e8-3c24-43ad-9164-861be9173ca9,Matthew Carrillo
e27bb961-2935-4882-b3ad-547b84238a90,Michael Khan
ae5456d9-ac61-44fd-9ff9-1bed138dcc14,Ashley Jenkins
09a6ce04-035b-4e93-a201-0238ff3db192,Daniel Gibson
b894c5ee-5e05-4210-88a4-98f1607364d2,Mr. Brian Wilson
dc77c837-b74a-457e-88d8-a1f44cca6593,Heather Ferguson
a30d7744-2bc8-44bc-a593-88923a0b71b1,Sarah Hatfield
97062f0b-5879-48eb-a9e1-d9caacec952c,David Oconnor
63672c1e-e4cd-450f-b2db-11cd231080a8,Charles Allen
0c82bab9-61cb-4fd4-9ed5-a8c4b7f1524f,Michael Rodriguez
ab6909c4-ca00-493e-bcdd-d5b2fc80acee,Michael Cruz
928b785c-887c-422c-9101-ef4f82a861ba,Elizabeth May
c1a264c4-c2ef-4e3e-a714-73f8d2b02ec7,Patricia Collins
57affca2-300d-4671-8078-a2b718a7ac23,Scott Jackson
e1a71ca4-4b63-4b79-8f32-d9aa11a0df0d,Regina Chen
16a75641-214f-4f5e-9b94-d483a087a55f,Kimberly Wood
794260fe-1a7b-4838-a727-941d582f109d,Christine Morgan
3c5c4f55-ba9a-421d-b273-790218e1ff15,Karen Reynolds
c19c066a-4731-4d9b-b7a4-43ddef64c3d6,Seth Atkinson
8fb79525-4518-4a79-82f1-14c308b7088e,Linda Williams
ada01a2b-ca9b-4d05-9838-22a9f21c162e,Matthew Allen
603e027f-974d-4f0d-8a6b-3630b5b4a27b,Kimberly Schneider
ac9a3e78-82f4-4ca7-bcc7-aaae521dce05,Michael Walker
fd360252-550a-457b-8a2a-da8584b50a04,Steven Robinson
4c15d24c-fe7e-4b5c-a077-4f7807b57530,Jennifer Manning
7b4648a5-eca9-494c-bc0f-4084a4c8a128,Nathaniel Lopez
aef90916-cae7-4979-89c1-b5a5ec0d1729,Sara Dominguez
4a555abd-596a-4dbb-b092-181cbae6f1c9,Matthew Henderson
1b69fa03-28a7-4052-a177-f82b3aa116c4,Erin Moore
98fc8bbd-e08a-4c4b-bf21-f25a398318a7,Stephanie Hanna
a97679d4-c837-4207-9717-f6f61437d885,Matthew Rowland
af022afe-eb9e-474f-a07b-fdefefb5cef5,Linda Thompson
33d0d004-1851-4354-875a-0360bf777b36,John Long
5c7ad9ac-c2ef-4cc4-b7dc-5e055c1b9781,Carrie Abbott
0fa2a82a-b144-49c7-a9ac-302a66b74086,Elizabeth Lynch MD
b140fa90-b7ad-40f8-8a29-436ac4b3e5c0,Dr. Alex Butler MD
f68dcee6-3635-4883-818d-34f769bdda41,Cheyenne Briggs
2a79001a-8600-4202-96ee-2e7ca9fc873c,Richard Goodman
7f761092-df68-4d46-86bf-ddb3bbc8bb8b,Robert Carter
78f5cc33-de83-4cac-9d34-0b494dace40d,Lisa Mason
6666e3d7-21af-4afa-8090-132d7f447755,Deanna Kennedy
af2537b6-6e6d-4a7b-94a3-d55efbd2c43a,Natalie Wilson
c48357ac-f56c-4a61-b9b5-a131d165663a,Dillon Flores
0ff00198-d912-40de-9d11-19ff5b434f80,Dr. Maria Moreno MD
2cf8b00c-e777-450d-9c76-7729361b6cf1,Kim Moore
38e9c9df-42c4-4e2f-b645-ae788eb8ea2a,Joy Lam
6eea7905-bef1-4d8f-bfd8-37357abcea16,Eddie Brown
74447355-d3b4-4549-958d-2594ac9b7fc9,Beverly Parker
e056d412-8777-468d-9263-690bcb024862,Amy Dixon
0f2fbac8-cdcd-4f76-8b19-945641c97adc,Jason Garrison
fa2641dd-5590-4d15-9c89-d0b0a95bd1b4,Mr. Adam Carey
a79ed8a2-a1c7-4c61-8968-0dc7f85cabb8,Johnny Ryan
7ae07b04-1c40-4545-8aed-125e90e3e025,Karen Freeman
8ed10b7c-3471-424d-a94d-b9076574995e,Jacqueline Pineda
d6cc1202-32d0-480f-8f5b-1b7e3461d4a5,Walter Allen
16623d32-fc71-44ff-be3d-f2cb924b6f89,Timothy Long
95586e5d-fe85-4f40-a716-76615624b57f,Lori Williams
72d9e116-99d6-4068-b85a-369874dc2772,Emily Anderson
55cdc827-7ad4-4e7e-97a6-7cdf5846fbf8,Cheryl Robinson
3938f8d1-9fc8-47c5-a80e-b21fe841161d,Mason Thornton
46857f82-6a75-4917-8146-76bed1b4632a,Brenda Miller
56751bfb-4336-4d30-9f3f-e8c35e533398,Miguel Ruiz
2b2b9786-3c66-499f-9e62-3b2da23e6a11,Lindsey Hunter
5203c03a-3f65-4505-82d4-87344930e843,Brian Johnson
b2d0cd5f-d87a-47a5-a1de-143631fb97b1,Sean Bates
20bda978-34a2-4dca-8ed7-2e61d936281d,Jessica Robinson
01240280-c51b-437d-9b9c-7a092a00b3a8,Mary Vargas
e8e4d539-b481-4cd3-b385-6ad5db95b36a,Sally Eaton
be24c41b-046c-436c-a512-e5adad5d3ee5,Margaret Bass
ee96d470-5643-49b8-bfb4-e64e86fd8f6a,Roger Carroll
13485be2-19a4-404a-950e-76687c915ea7,Brittany Johnson
96a53bda-4a04-48d1-a1d9-41fa37756980,Chris Graves
16c59fdd-a84b-423e-a226-4e332e96e9af,John Price
b94b58b8-3d82-4654-8d46-10437b842ecb,Ashley Mcdaniel
cf91f9a3-ae82-4344-9bdd-27ccd0c7cf4d,Brittany Rodriguez
57654f0c-13dc-4397-a2de-80729a0785f5,Janet Robles
2d89c12b-8977-4563-9768-d7ceaf9325d7,William Oneill
6fc4693b-505e-4f34-8b13-b39742cc1b8d,Stephanie Quinn
a55c9565-dbba-4179-82d1-5ab399628909,Emily Liu
60b08a39-5f42-4424-bc0d-36470eaf4c30,Richard Owen
2b783364-3c5d-4b31-8ce6-b3a0bc5e1525,Michael Hall
145c87b2-bfe5-443a-80b5-3e1313d0a772,Lydia Khan
36f0aa94-8d70-4e2c-b714-8ee3b650ce9e,Henry Strickland
6efd4f91-7e3d-440a-a525-9a433fb14c68,Kelsey Palmer
626089cb-bdfb-4400-a57b-2860393f5d3e,Lori Hall
0403c829-18aa-4b9f-bb09-4959d5f9af0e,Renee Price
bcc1c964-f44f-4b2f-a38f-432c81b2ec14,Shawn Williams
ce67ec4f-514c-4941-99e0-81abf313696c,Kathryn Black
362d6733-d4cc-4065-a538-58e7682b9fa4,Scott Chaney
0d01863c-c36c-4353-8143-7f5ed404f7a0,Jacqueline Wilson
56bd4f72-1f53-4e27-823c-09946c9ca456,Melanie Scott
ab73b692-fc2d-4aac-895e-a57b5ac41c96,Barbara Pearson
8cba4770-5129-416f-ade4-3030d8ab00d2,Carla Murphy
da0bba01-c087-41fc-98fd-fe6a934a247a,Johnny Lynch
be1d037c-c66e-420f-bb9a-dcfcce9790b7,Jennifer Cantu
1bc8b5e7-36a6-4afd-97a6-0487ca9c999f,Christopher Smith
152844ab-202a-4378-b9d5-d53fde74fe6c,Diana Robinson
d02fcc22-8fba-44ee-94ff-f3964f907bc4,Jeffrey Foster
f37f073e-4af9-4565-a8b6-06ac1cc526c7,Chelsea Schultz
8f2ac07e-784c-4f4c-90d6-1cdc5f17aedd,Yesenia Mcknight
64d6bdd5-29c4-4aec-9c0a-3d7048eb0e05,Ashley Le
ecf16158-ecba-439d-8aa3-2c5adbbc78fe,David Lewis
9cc36c0b-505e-4a1a-99a3-75cc3b73230a,Jeffery Harrison
587dda05-7523-435c-9d2c-3a0fd43b7065,Charlotte Davis
987c89d6-34c0-4dbc-8ff1-629f1cd093b1,Russell Hutchinson
4d1bd5b6-ec06-4106-b5cc-8ca94d4626a2,Ellen Jordan
6eabfea6-3b72-4ee4-923a-efeb12c913fe,Mark Garcia
a068498a-c33a-4d58-80a1-f2e8cbdf5d62,Aimee Kennedy
41631246-0a24-43c3-a97a-feb49c224868,William Clark
2989a3a9-9733-4a3f-b0e9-b3c0427812c1,Kyle Evans
d93107af-0372-478a-b938-fb24223f9e6b,Rebecca Bradley
bd316a68-fa8f-4766-8f08-0d14e9018764,Dylan Dickerson
6320904d-c456-4d8c-b7ef-5807bde755f5,Kathleen Fischer
7f53916f-e216-454b-8268-5092f318d830,Don Duran
57704068-5a8d-481d-a2ca-9afda10e6e56,April Meadows
1f28d86c-7bb0-457f-86ee-b7db30a5ad76,Adam Murray
be44a6f9-6557-4565-8f44-81ab7fe2920e,Michael Ford
a165b372-8fb4-4dd6-9741-f85ee5887970,Garrett Martinez
5bfd00cd-2241-49f0-a919-67d53219c86c,Tammy Watson
d91819e4-8956-46a1-a62a-4adf7194064d,Sheila Lewis
f3896afa-005a-4a6f-bd5d-2efa094a40ab,Tammy Patel
520a35e1-2c14-4add-bfad-bf8314b2ea66,David Edwards
b11f8ccb-db34-4b5f-b501-536ee22acb7d,Matthew Walker
bd8af1fb-4058-4062-83d0-e2058f54914b,Cassidy Gaines
eb8b3385-fd4a-4eb5-9c8e-85211278580e,Jonathan Johnson
420eee8c-9d16-4285-a570-4d4cff90fcbd,Michael Mills
5c758894-268e-4715-b36f-cc3aeb890241,John Collins
946044e9-56ed-42d4-a453-27a0c701acba,Carl Sanchez
dec3e9d0-b282-4a15-8e08-471d3df39ae5,Tracy Gibbs
ec898b9b-423c-4471-86b0-bf7325690554,Debbie Lopez
cc7ddc3b-1936-4108-b3d4-aa10b7bc03e5,Casey Howard
74aae1e9-ad03-4367-843f-393c164296a6,Dorothy Arnold MD
83e02022-63b0-4ed2-b5d2-1fee67439432,Michelle Patterson
67f7c734-d1e6-4800-8998-3b58419923be,Sarah Smith
2b9f1eeb-aae5-4c43-a3d9-07e638cfc7e8,Jeremy Riggs
0efe0e5c-8d9b-47ea-b06e-b26ef31af4e9,David Perry
366a2851-02d0-4cca-b7d0-e1dd1e8fbd96,Gerald Figueroa
b8b161fd-8dd5-46dc-8a64-63a6c0dee3bf,Danielle Griffin
4d1fdf9c-9352-4716-9c78-0bd9e5fb3d9a,Manuel Price
400f6310-280a-42e7-a618-36ce12990a68,Dennis Kane
8c8770f8-b275-48df-84cb-d5b73b6cc083,Kathleen Rice
99caa9e2-40c0-4500-8e45-7f66cbf5c1be,Alec Ayala
290de299-88a0-4126-be84-5b8f818bab91,Stanley Crawford
728f0b62-b4b2-4570-be95-63706939caeb,Robin Reed
28209cdb-addf-4548-9101-d349b4e881cf,James Mitchell
f86713b3-5edb-42cb-9986-c08e0c1968e4,Gina Bradshaw
8e9d7c9a-b25f-47f7-b5bb-6c283b171470,Michael Fernandez
e16e05a4-5e3e-42b0-bc64-ef857ba14e95,Jacqueline Cuevas
ffddbaed-25fd-456d-8ada-6e8fe2143061,Margaret Hart
247991b2-a3a2-479f-80f5-685d9664812d,Mr. Nathan Petersen
b13105c5-d1ad-4e97-8fb6-b7d654e7a779,Marc Green
ff0824d1-1598-4c72-ba79-dcc41a6a0418,Ashley Martinez
371049ae-ade3-40b2-87cd-7186f57dc1ed,Courtney Rivers
cee567b0-f2f6-472c-879a-0e5784238658,Christopher Ellis
82603846-1c1f-4558-bcad-fc8924551c39,Ashley Miller
015454d3-ee95-4b4a-a7f3-c1a240bbfd1c,Jennifer Richardson
77955980-c04c-41c3-bb10-1c2798201a6d,Maria Phillips
8bc571b5-e7fe-42ec-9f2c-e353d2e20069,Barbara Smith
cb3d1ddd-885c-4469-aa7a-93c2b773c2c1,Janice Brown
1ca217e3-92d6-44e2-884c-518586718d17,Michael Welch
4e37f029-c03c-46b3-a9e6-1acdb7476e6b,Dustin Martin
c3fafa82-f016-4b4b-ae17-692a8dc0b2a4,Austin Tanner
4d3e737e-dad7-4623-97cc-e391a0de4d04,Cheryl Wilson
e9a23181-a3a4-44e0-a916-fb184c2346da,Zachary Turner
a15467d9-fa48-4847-8e75-b68e8ef23d63,Evan Marshall
5f23bfc5-8159-41f4-90cf-f0f6ce86918d,Darin Burton
c3de1d8e-db6c-4420-b0a2-183102704c4c,Melissa Austin
aa7d3e26-2b67-417f-87fe-5b82e2ed344b,David Thornton
d4eaf770-850c-4fb7-bd85-7f95d7ef2495,Martin Cook
5d2ba3c0-f1a1-4e1e-8f5b-25f0912b6a71,Noah Jones
c1b586fb-066f-4f70-84da-a0f73b046c32,Kyle Hart
500fc995-c6ee-4d4f-b947-7747d133b3fd,Marissa Greer
0803d17b-cd70-4997-8d24-42a78fda881d,Lauren Love
743bff09-dc59-414b-ba13-5a26c8a81c9a,Michael Flores
7d5e3f7b-fac7-430f-b480-43d8d3c54bc5,Linda Snow
a16d4cd0-5bae-4564-ac05-fe2d6c27c67c,Paul Barnes
4fff5411-7f88-458e-8df5-8557cc2c4dec,Kelly Johnson
d8f69953-a3a8-4d6c-b4e3-6b2c9317db29,Mary Ruiz
74aa32ce-eaf2-486f-b23b-dd220650709e,George Farrell
c54add33-bd73-440f-b811-f2a021198e60,Greg Acevedo
689c6256-4cb9-4433-a9de-16779e9034a6,Lawrence Ochoa
025ab0b7-6193-45eb-94f1-a0e2a44833b1,Cheryl Jenkins
e15efbda-82db-43d1-b5c6-fd9b8f4e6b37,Frank Moore
db429c52-8cc0-42b1-8240-3924fbbcc5e1,Kimberly Coleman
a7fb9056-bb2c-4983-9d6a-2492ad2410e6,Norman Martin
d90b6a76-49ce-4edd-94fe-1ac1eecd0576,Charles Bolton
dd989e98-f135-4d34-b2df-2f4daeac4e01,Christine Gonzales
403c0663-7877-4022-aac3-808e851b4643,Steven Reyes
74eb5581-ce2d-415a-aea9-ea2d60fbc420,Andrea Jackson
044cd522-5dc0-4d3d-91db-14872eb2b6e1,Victoria Parker
948f5e01-9e04-40f3-95f1-17cfb5d2d75b,John Mcgee
57927401-61c5-435b-96f1-aa9b8d0d8e37,Charles Johnson
aaf94061-953c-40b9-b5f2-e8d05d613b3d,Katelyn Warren
8bcf586a-1d18-42ab-8e95-c0d684f38ac7,Gene Frazier
e0030f11-5e2c-40e8-b97d-74a2feeac032,Nicholas Jones
b9ec65f4-fa2d-4030-a782-d4c18589d83d,Amanda Diaz
8ce60331-c8ba-4913-be51-aaaa12d663e3,Anthony Rice
9e6f8c54-4bbd-436f-a603-c86d1449b463,Janice Valdez
273a75e6-7ae8-45ad-b593-16e69d2d8c92,Brian Bradford
f027d9b9-77b6-4dc7-b596-9b71b864466e,Lisa Aguirre
74398278-4f09-483e-8abc-7bdc1f3291ad,Dale Colon
f1cca5d0-107a-4e03-9005-746ec012c17c,Rachael Hobbs
0e5cbf95-3155-4e77-966b-6053b98223f5,Kimberly Morris
cc6400da-c9a2-4dea-a4ac-4c9e7e857ac9,Larry French
11cdad7c-1ac3-4c4f-8c0f-a9fa6a0b7d1f,Kenneth Holmes
a630ba75-f5fd-4cdb-9adc-5fa27d075d57,Dr. Shannon Carter
22de86b0-89e5-4419-9c3e-56c8c2993acc,Caitlyn Hill
75648fc6-b023-4524-9e99-93281f59a036,Kristin Lewis
12f46f61-f016-4515-9f4c-284f2a6fc3bf,Stephen Smith
f3a24d8d-d583-42f0-a31e-6f719e75289c,Sarah Franklin
01b6d6fe-1a17-4f21-a40a-9a37b18ac022,Anthony Waller
25ff2282-f950-4541-ace9-19c28db491b5,Dawn Keller
0696d0a9-1ad7-4e26-8d91-aa59033ff72a,Brandon Espinoza
e8c12fd1-9acd-4dc3-948d-eab47f22b740,David English
11bb4e40-f332-4c09-84ed-b1541d75b3cb,Sarah Robertson
357b241e-1c7c-485f-8cd4-5d25e9573fbd,Kimberly Stark
bd788341-c47d-4904-b62e-135f6324ec63,James Beck
c00af9d7-1656-4eed-91ee-a39cd68edf68,Kimberly Oliver
0f988a05-deed-4969-8c07-1bb4fd6e877b,Nicole Perez
1b4abc68-a6c5-479f-8321-435f3e35b0d1,Martha Johnson
83f4ec8a-38ba-4049-867f-5c5dabac856f,Jennifer Sanders
0e9e53fa-e609-4b5b-a5e4-64868db6b485,Jessica Duke
d3682e68-ef13-4fa1-a9c5-16fa1ad9a240,William Rodriguez
02e7033a-0e6b-4154-b0fe-aae89f7c3ec5,Rebecca Torres
1cbb6ea4-78bd-4cfc-a2fe-df7f57474214,Daniel Greer
0b5446f4-3ad5-4aa0-9754-e0d1da0406e1,Natasha Johnson
a04f89e2-2ff1-429d-b938-f06b0f53c38e,Daniel Marsh
dcfc51c0-fe40-4d79-958d-9c2d596e2af6,Brian Porter
41228262-b367-435b-b216-5bb799012601,Samantha Holmes
9f14660a-f140-40d1-b65f-7865b7b66b5e,Daisy Johnson
dd2b8b6a-0dce-4aff-aac1-b280266625b8,Stephen Solis
fd6aa29d-1ab7-4d5f-a124-199f974eea21,Charles Carpenter
92c4d6fa-0c11-4fa2-b767-902e07636138,Kelsey Walker
5c1b9a62-c2d9-4b6f-a316-af6fa1798ad5,Kimberly Haney
f31a4168-707b-4a9f-a3e2-137725e1032d,Latasha Spencer
98cbc798-fb17-4ac5-b1af-756a9ecf1a65,Lisa Mason
9aad45a0-1b2a-43d3-aa73-6d96ac43630b,Edwin Marquez
f7da37bf-0db4-45c0-abad-b9e25e5951b9,Scott Webb
5a5211f6-6f30-4a0e-b1ae-61ea5cd6cf5f,Erin Flores PhD
145c8782-0983-4537-9e31-3dd3773131c5,Nathan Howard
9f6e9c03-e3d4-4b0f-ae99-729d64824cde,Megan Johnston
0819dec0-a4c7-48f0-a2b9-944b34cfcc62,Michael Santiago
710fcbed-6f21-46cc-a21c-450e0b48fac1,Mrs. Denise Allen
9bf82097-e317-45a6-b109-10169cc21fc7,Mark Smith
5c72204e-8880-4f1b-bbc5-21a42972ecca,Wayne Baker
6bf6aad1-3061-4bbf-8c11-fb9771807187,Sue Bailey
a477524e-28dd-4d1f-9870-1cc87d07e8e1,Amber Small
1c7886d0-3b9d-4403-aa06-002912689dff,Lori Chavez
cbd29cd4-6919-48e9-8303-8cdfb5383f01,Karen Pugh
487ac62d-c15f-4398-9889-c291421e9ce0,Dr. Matthew Brooks
ceb6d3ea-8281-43a1-a501-9449d2bc09f8,Jorge Ellis
555d9f59-e4ba-4e27-a100-4372b3b0d8c6,Andrew Aguirre
2da5b825-79ed-435a-a4b7-54aa07305fb4,Carl Marquez
0a78fd1e-ff68-4adb-92bf-2ab4e6551cf0,Brandon Perez
8c82f478-85b4-4a52-8aea-e0c7864a190e,Timothy Waller
490e7f4f-5132-4e0d-a082-f8b06bc2b586,Rhonda Watkins
57e168d5-f44e-4c04-88c6-f7afeb0b29f3,Joseph Wilson
087888cc-12fc-4f04-9990-40101451068b,Shawn Cummings
9911c51f-c8a7-4246-bb25-18b2cebeaae8,Laura Jones
651f1132-c52e-4cce-87e8-b95cff23c7b8,April Morris
f91a6e6d-6c34-40d1-a9c9-91f51432317e,Sharon Hardy
d928a593-97cd-4479-80da-3cc247d2a7be,Trevor Pierce
bf99df3a-03a5-49a4-97d9-669cb9088c33,Ernest Bowers
f5f1adb8-661b-4091-bd9e-041420dde3df,Richard Burns
cdfee32b-6c46-415f-98dc-9ff8e26e7e18,Kerri Blair
53c44c14-b885-4465-a38b-53929c90b25c,Adam Reynolds
09d5635e-9609-42dd-aa71-4bacbff80613,Emily Bishop
e8ef1b8c-e7d5-455a-ae0b-791fe4f4af79,Richard Jones
d72762c8-4b59-4124-9c3a-bc26fd704b50,Maria Macdonald
ea3c36a6-8e13-4a52-80b8-411b8a55c2ac,Jason Gibbs
22eff504-affc-4999-a438-948d54f8556b,Jeremiah Sandoval
71f4f1f8-55f5-4a07-976f-8604e054a340,Randy Lyons
6babbed7-6b7d-4211-886e-21740521d0cc,Christopher Cannon
8878631e-63e9-4c7f-943e-0c0a4b2f4dfc,Michael Dixon
91545a16-0d31-432e-bfb2-8a08b858cff5,Julia Baker
51e3a4ce-a05f-4e1f-9434-b0ae290d6d4e,Michelle Barton
f79a1b89-7675-4a9a-8351-63c11f0a65ef,Edward Mclaughlin
14630779-c654-4a76-bb9c-07a63e04cdf7,Heidi Davis
94dac6d8-38b1-47fc-9423-37db94414acc,Ashley Lewis
2b5b2e97-40da-44e9-adfb-e6a9c1b078a4,David Donaldson
debfe783-0b40-4494-b09a-a82fb24e4d37,Whitney Salazar
de14a308-6044-4461-bddc-3095ec693cf4,Sara Potter
932d9b04-e1d0-4e2f-b1f5-4d91cb3cfca0,Dustin Reynolds
3f6b7ee4-5a77-40b4-a51e-8a388a6c9ee6,Brittany Peterson
55626154-950d-4eda-bb84-92c43ab74a51,Cory Hansen
3df956ab-63d2-4310-bead-3ef67f4b29e6,Jean Young
2ae4dabe-85aa-445a-9965-e646f52d4809,Kenneth Lynch
63751845-ff7d-44f9-89d3-2abaa1b3a9e1,Derrick Smith
b6a6746f-3f32-4167-b96f-0dbea3a6dbc0,Amanda Chapman
58e22eaf-f1d4-4dee-abe3-f40b91985601,Steven Hall
1cca081e-9c41-44ee-a470-b574163e3f94,Angela Armstrong
08051a89-1a10-4316-a072-0978c998cf28,Timothy Evans
ffc0647c-fb1c-49b9-ac50-b949f102c1f3,Manuel Hess
f6a779c4-93f3-405b-bc17-0b53d4132962,Gina Kim
d7d1e024-9574-4225-8985-adf2b6eed77c,Raven Johnson
a3541896-2fe2-4e18-933e-49dce199009b,Terry Welch
91b1b341-1567-4443-bd4d-a166b6cf0438,Maria Nelson
c835850e-45d8-4d39-bfd6-d62ff099c0fa,Elizabeth Lewis
1a8e7907-4efc-4ba1-92c1-e0f3e420a3ae,Melissa Smith
6d6cf889-e489-4d97-a909-93f9115ea00d,Paul Grant
241a98bd-ada1-47b0-bc90-4ca86a95dfde,David Black
ca8a602e-6070-4a83-8436-df52e9ff9d54,Christian Fernandez
093cb6cc-8606-4691-b13e-44b00470742e,Duane Myers
e29c4abd-639a-4d85-9742-7de8fad412dc,Jacob Ingram
4dd1f3dc-77f9-4db6-94c2-639d1484a382,Jennifer Stevens
2c7d418a-a8c3-4ad9-9c0c-29118e466b2d,Carol Vasquez
45ceac92-d7bb-458a-9bf9-abbfa56c0e09,Anita Pierce
5ea8c57a-6681-4afb-aed4-3fead8312dd9,Scott Young
191b592d-e8c7-40f9-922d-a23c9d869f44,Shannon Taylor
2f7de632-f75a-4fbd-a0cd-f002acbed90c,Matthew Schmidt
c862c5a3-4a42-4966-9c28-9c4fe570d319,Katherine Roy
bf4549a4-6110-408c-a1e4-8a67731e0ee5,David Smith
4ebf0b3b-f737-4538-bd57-a9d2d2fff479,Amy Garcia
23ec3754-7db2-456c-b08c-76120ac731c3,Nicole Russell
6ea6d19b-a24c-41d2-b57f-7cca7de556cf,Tyler Henderson
97dc4e6b-6c6a-4687-b9f2-1857de64ebb2,Vanessa Sanders
2378dd3a-84be-4af6-9216-95cc903e5643,Tiffany Zimmerman
0eff50a1-661e-42ab-8ecf-6b4030f13e67,Brittany Morales
f4ab89df-9d94-4a45-8ffb-a4ee1d12b764,Michael Steele
4a3b9b8a-30a1-416f-be3b-603c788dc0ce,Charles Edwards
ab51fb6e-6d59-4fa4-8d5c-9649d2c0f2f8,Sarah Smith
74193fe4-c786-42e9-b7bd-7ad6f591adce,Thomas Martin
6867acf3-ee45-4e0d-b231-78970be430b0,Maria Fields
5636cac3-b6f3-476b-a1c1-9789b6d2a299,Ellen Crawford
a9e9e115-cca5-43d7-9800-f28128b8d594,Mr. Nicholas Smith
05410a4d-7914-41b0-9c48-95c56d68fa8c,Diane Vazquez
c0a0d221-caf5-49e6-b180-37e2e6c1024c,Michael Perez
96618bd7-9876-4e0c-aee9-5bd320f99bce,Jeffrey Franklin
4ec1d600-5d54-4a7e-bb99-04b2f64c6fb8,Nancy Hernandez MD
ca5804de-52a4-4262-9307-02babfe95a68,Chad Willis
da9367c9-cc3b-4e59-8c5e-5ebdd1a1b039,Steven Huang
45b6da44-e789-4d14-9abc-d74dc0bdd699,Sandra Myers
b138b0d4-a997-4cdf-bd73-45a6ffd4ea9e,Kyle Martin
80470348-7733-4891-a83c-82a772e472e8,Benjamin Bell
ba8db37b-6edf-4ef2-a983-efc19338228f,Jacob Lloyd
b3a2c65c-2c37-4093-9df9-8cbc32f5ba54,Keith Cook
32a4beb3-347b-4854-8ae3-dbdb0e155738,Emily Parker
e9f401ab-c948-40c4-afa0-8578a5d47873,Katherine Ryan
0c553edb-d86f-48e5-afc3-d6fa92b5b640,Paul Perez
8512580f-3bb8-452f-a060-3552f8e09419,Joanna Hodges
cff71538-3b8c-4e70-b71a-387ee38c9e24,Kristi Washington
c83e051b-79b0-4d07-a445-76327071fb2e,Lisa Lee
bcb7ab3c-9cf3-41f3-9e79-4da75933279d,Katherine Lutz
1624f487-e1b0-458d-9f1c-0ecf5498a3c4,Stephanie Williams
b252dc67-76d2-40b3-8ed9-810922cf7e8b,Michael Martin
b4ec9b33-8b3c-4c51-9db9-e39442b4c505,Amanda Young
b49b1248-dd37-4ce2-a633-b5f7a017b9b8,Melanie Davis
1bd8f832-aecb-4c3a-b823-1a733145301d,Jacob Brown
d319d753-b7f4-409a-9724-309420928c7f,Brandi Jackson
404cfc35-6f37-48ea-9118-322d236590d1,Rebecca Roberson
7657664c-e3d3-422b-aa9c-ee7cb612f8f9,Christy Acosta
5663604e-8ebe-4961-bc4d-e38f09108ab4,Gregory Moore
6f770878-ea1f-49ee-889e-74935ac034b8,Jennifer King
61bd2f1a-81a7-4d85-b02f-21ecbbeef0f9,Taylor Smith
36ec61b3-250e-4402-bded-d7ec807fdd72,Cheryl Howard
7dbfa74d-1be1-4d81-a1de-f74c55253ccb,Megan Sharp
5b3b7eeb-4262-4231-b8bb-890ceccc6461,Christina Johnson
91255d92-d407-437e-8d23-e585f42a6915,Richard Jones
